row,perplexity,ppl_tolerance,num_samples,weight_effective_ebw,activation_effective_ebw,ebw_tolerance
bf16,20.9240,0.0500,146,,,0.000010
random_same_ratio,25.3423,0.0750,146,4.673069,4.994391,0.000010
static,24.5446,0.0750,146,4.673069,4.683127,0.000010
first2_only,24.2756,0.0750,146,4.673069,4.966852,0.000010
paper,24.2289,0.0750,146,4.673069,4.994211,0.000010
oracle,24.3563,0.0750,146,4.673069,4.683410,0.000010
